class	path
io.micronaut.context.DefaultBeanContext	/home/nima/Developer/taint-benchmarks/micronaut-core/inject/src/main/java/io/micronaut/context/DefaultBeanContext.java
io.micronaut.context.DefaultBeanContext$1	/home/nima/Developer/taint-benchmarks/micronaut-core/inject/src/main/java/io/micronaut/context/DefaultBeanContext.java
io.micronaut.context.DefaultBeanContext$2	/home/nima/Developer/taint-benchmarks/micronaut-core/inject/src/main/java/io/micronaut/context/DefaultBeanContext.java
io.micronaut.context.DefaultBeanContext$3	/home/nima/Developer/taint-benchmarks/micronaut-core/inject/src/main/java/io/micronaut/context/DefaultBeanContext.java
io.micronaut.context.DefaultBeanContext$4	/home/nima/Developer/taint-benchmarks/micronaut-core/inject/src/main/java/io/micronaut/context/DefaultBeanContext.java
io.micronaut.context.DefaultBeanContext$5	/home/nima/Developer/taint-benchmarks/micronaut-core/inject/src/main/java/io/micronaut/context/DefaultBeanContext.java
io.micronaut.context.DefaultBeanContext$AbstractExecutionHandle	/home/nima/Developer/taint-benchmarks/micronaut-core/inject/src/main/java/io/micronaut/context/DefaultBeanContext.java
io.micronaut.context.DefaultBeanContext$ObjectExecutionHandle	/home/nima/Developer/taint-benchmarks/micronaut-core/inject/src/main/java/io/micronaut/context/DefaultBeanContext.java
io.micronaut.context.DefaultBeanContext$BeanExecutionHandle	/home/nima/Developer/taint-benchmarks/micronaut-core/inject/src/main/java/io/micronaut/context/DefaultBeanContext.java
io.micronaut.context.DefaultBeanContext$ListenersSupplier	/home/nima/Developer/taint-benchmarks/micronaut-core/inject/src/main/java/io/micronaut/context/DefaultBeanContext.java
io.micronaut.context.DefaultBeanContext$BeanKey	/home/nima/Developer/taint-benchmarks/micronaut-core/inject/src/main/java/io/micronaut/context/DefaultBeanContext.java
io.micronaut.context.DefaultBeanContext$BeanCandidateKey	/home/nima/Developer/taint-benchmarks/micronaut-core/inject/src/main/java/io/micronaut/context/DefaultBeanContext.java
io.micronaut.context.DefaultBeanContext$SingletonBeanResolutionContext	/home/nima/Developer/taint-benchmarks/micronaut-core/inject/src/main/java/io/micronaut/context/DefaultBeanContext.java
io.micronaut.context.DefaultBeanContext$CollectionHolder	/home/nima/Developer/taint-benchmarks/micronaut-core/inject/src/main/java/io/micronaut/context/DefaultBeanContext.java
io.micronaut.context.DefaultBeanContext$BeanDefinitionProducer	/home/nima/Developer/taint-benchmarks/micronaut-core/inject/src/main/java/io/micronaut/context/DefaultBeanContext.java
io.micronaut.context.DefaultBeanContext$BeanContextUnsafeExecutionHandle	/home/nima/Developer/taint-benchmarks/micronaut-core/inject/src/main/java/io/micronaut/context/DefaultBeanContext.java
io.micronaut.context.DefaultBeanContext$BeanContextExecutionHandle	/home/nima/Developer/taint-benchmarks/micronaut-core/inject/src/main/java/io/micronaut/context/DefaultBeanContext.java
io.micronaut.context.AbstractInitializableBeanDefinition	/home/nima/Developer/taint-benchmarks/micronaut-core/inject/src/main/java/io/micronaut/context/AbstractInitializableBeanDefinition.java
io.micronaut.context.AbstractInitializableBeanDefinition$PrecalculatedInfo	/home/nima/Developer/taint-benchmarks/micronaut-core/inject/src/main/java/io/micronaut/context/AbstractInitializableBeanDefinition.java
io.micronaut.context.AbstractInitializableBeanDefinition$BeanAnnotationMetadata	/home/nima/Developer/taint-benchmarks/micronaut-core/inject/src/main/java/io/micronaut/context/AbstractInitializableBeanDefinition.java
io.micronaut.context.AbstractInitializableBeanDefinition$MethodReference	/home/nima/Developer/taint-benchmarks/micronaut-core/inject/src/main/java/io/micronaut/context/AbstractInitializableBeanDefinition.java
io.micronaut.context.AbstractInitializableBeanDefinition$FieldReference	/home/nima/Developer/taint-benchmarks/micronaut-core/inject/src/main/java/io/micronaut/context/AbstractInitializableBeanDefinition.java
io.micronaut.context.AbstractInitializableBeanDefinition$MethodOrFieldReference	/home/nima/Developer/taint-benchmarks/micronaut-core/inject/src/main/java/io/micronaut/context/AbstractInitializableBeanDefinition.java
io.micronaut.context.AbstractInitializableBeanDefinition$AnnotationReference	/home/nima/Developer/taint-benchmarks/micronaut-core/inject/src/main/java/io/micronaut/context/AbstractInitializableBeanDefinition.java
io.micronaut.context.AbstractBeanContextConditional	/home/nima/Developer/taint-benchmarks/micronaut-core/inject/src/main/java/io/micronaut/context/AbstractBeanContextConditional.java
io.micronaut.context.AbstractBeanContextConditional$ConditionLog	/home/nima/Developer/taint-benchmarks/micronaut-core/inject/src/main/java/io/micronaut/context/AbstractBeanContextConditional.java
io.micronaut.inject.BeanContextConditional	/home/nima/Developer/taint-benchmarks/micronaut-core/inject/src/main/java/io/micronaut/inject/BeanContextConditional.java
io.micronaut.inject.InstantiatableBeanDefinition	/home/nima/Developer/taint-benchmarks/micronaut-core/inject/src/main/java/io/micronaut/inject/InstantiatableBeanDefinition.java
io.micronaut.inject.BeanDefinition	/home/nima/Developer/taint-benchmarks/micronaut-core/inject/src/main/java/io/micronaut/inject/BeanDefinition.java
io.micronaut.inject.BeanDefinition$1	/home/nima/Developer/taint-benchmarks/micronaut-core/inject/src/main/java/io/micronaut/inject/BeanDefinition.java
io.micronaut.inject.QualifiedBeanType	/home/nima/Developer/taint-benchmarks/micronaut-core/inject/src/main/java/io/micronaut/inject/QualifiedBeanType.java
io.micronaut.inject.BeanType	/home/nima/Developer/taint-benchmarks/micronaut-core/inject/src/main/java/io/micronaut/inject/BeanType.java
io.micronaut.inject.InjectableBeanDefinition	/home/nima/Developer/taint-benchmarks/micronaut-core/inject/src/main/java/io/micronaut/inject/InjectableBeanDefinition.java
io.micronaut.context.EnvironmentConfigurable	/home/nima/Developer/taint-benchmarks/micronaut-core/inject/src/main/java/io/micronaut/context/EnvironmentConfigurable.java
io.micronaut.context.BeanContextConfigurable	/home/nima/Developer/taint-benchmarks/micronaut-core/inject/src/main/java/io/micronaut/context/BeanContextConfigurable.java
io.micronaut.context.InitializableBeanContext	/home/nima/Developer/taint-benchmarks/micronaut-core/inject/src/main/java/io/micronaut/context/InitializableBeanContext.java
io.micronaut.context.BeanContext	/home/nima/Developer/taint-benchmarks/micronaut-core/inject/src/main/java/io/micronaut/context/BeanContext.java
io.micronaut.context.LifeCycle	/home/nima/Developer/taint-benchmarks/micronaut-core/inject/src/main/java/io/micronaut/context/LifeCycle.java
io.micronaut.context.ExecutionHandleLocator	/home/nima/Developer/taint-benchmarks/micronaut-core/inject/src/main/java/io/micronaut/context/ExecutionHandleLocator.java
io.micronaut.context.ExecutionHandleLocator$1	/home/nima/Developer/taint-benchmarks/micronaut-core/inject/src/main/java/io/micronaut/context/ExecutionHandleLocator.java
io.micronaut.context.BeanLocator	/home/nima/Developer/taint-benchmarks/micronaut-core/inject/src/main/java/io/micronaut/context/BeanLocator.java
io.micronaut.context.BeanDefinitionRegistry	/home/nima/Developer/taint-benchmarks/micronaut-core/inject/src/main/java/io/micronaut/context/BeanDefinitionRegistry.java
io.micronaut.context.event.ApplicationEventPublisher	/home/nima/Developer/taint-benchmarks/micronaut-core/inject/src/main/java/io/micronaut/context/event/ApplicationEventPublisher.java
io.micronaut.inject.ExecutableMethodsDefinition	/home/nima/Developer/taint-benchmarks/micronaut-core/inject/src/main/java/io/micronaut/inject/ExecutableMethodsDefinition.java
io.micronaut.context.env.Environment	/home/nima/Developer/taint-benchmarks/micronaut-core/inject/src/main/java/io/micronaut/context/env/Environment.java
io.micronaut.inject.ConstructorInjectionPoint	/home/nima/Developer/taint-benchmarks/micronaut-core/inject/src/main/java/io/micronaut/inject/ConstructorInjectionPoint.java
io.micronaut.inject.CallableInjectionPoint	/home/nima/Developer/taint-benchmarks/micronaut-core/inject/src/main/java/io/micronaut/inject/CallableInjectionPoint.java
io.micronaut.inject.InjectionPoint	/home/nima/Developer/taint-benchmarks/micronaut-core/inject/src/main/java/io/micronaut/inject/InjectionPoint.java
io.micronaut.inject.MethodInjectionPoint	/home/nima/Developer/taint-benchmarks/micronaut-core/inject/src/main/java/io/micronaut/inject/MethodInjectionPoint.java
io.micronaut.inject.FieldInjectionPoint	/home/nima/Developer/taint-benchmarks/micronaut-core/inject/src/main/java/io/micronaut/inject/FieldInjectionPoint.java
io.micronaut.context.Qualifier	/home/nima/Developer/taint-benchmarks/micronaut-core/inject/src/main/java/io/micronaut/context/Qualifier.java
io.micronaut.inject.ExecutableMethod	/home/nima/Developer/taint-benchmarks/micronaut-core/inject/src/main/java/io/micronaut/inject/ExecutableMethod.java
io.micronaut.inject.MethodReference	/home/nima/Developer/taint-benchmarks/micronaut-core/inject/src/main/java/io/micronaut/inject/MethodReference.java
io.micronaut.context.BeanResolutionContext	/home/nima/Developer/taint-benchmarks/micronaut-core/inject/src/main/java/io/micronaut/context/BeanResolutionContext.java
io.micronaut.context.BeanResolutionContext$Path	/home/nima/Developer/taint-benchmarks/micronaut-core/inject/src/main/java/io/micronaut/context/BeanResolutionContext.java
io.micronaut.context.BeanResolutionContext$Segment	/home/nima/Developer/taint-benchmarks/micronaut-core/inject/src/main/java/io/micronaut/context/BeanResolutionContext.java
io.micronaut.context.exceptions.BeanInstantiationException	/home/nima/Developer/taint-benchmarks/micronaut-core/inject/src/main/java/io/micronaut/context/exceptions/BeanInstantiationException.java
io.micronaut.context.exceptions.BeanCreationException	/home/nima/Developer/taint-benchmarks/micronaut-core/inject/src/main/java/io/micronaut/context/exceptions/BeanCreationException.java
io.micronaut.context.exceptions.BeanContextException	/home/nima/Developer/taint-benchmarks/micronaut-core/inject/src/main/java/io/micronaut/context/exceptions/BeanContextException.java
io.micronaut.context.BeanRegistration	/home/nima/Developer/taint-benchmarks/micronaut-core/inject/src/main/java/io/micronaut/context/BeanRegistration.java
io.micronaut.context.scope.CreatedBean	/home/nima/Developer/taint-benchmarks/micronaut-core/inject/src/main/java/io/micronaut/context/scope/CreatedBean.java
io.micronaut.context.ApplicationContext	/home/nima/Developer/taint-benchmarks/micronaut-core/inject/src/main/java/io/micronaut/context/ApplicationContext.java
io.micronaut.context.env.PropertyPlaceholderResolver	/home/nima/Developer/taint-benchmarks/micronaut-core/inject/src/main/java/io/micronaut/context/env/PropertyPlaceholderResolver.java
io.micronaut.context.exceptions.DependencyInjectionException	/home/nima/Developer/taint-benchmarks/micronaut-core/inject/src/main/java/io/micronaut/context/exceptions/DependencyInjectionException.java
io.micronaut.context.env.PropertySource	/home/nima/Developer/taint-benchmarks/micronaut-core/inject/src/main/java/io/micronaut/context/env/PropertySource.java
io.micronaut.context.env.PropertySource$1	/home/nima/Developer/taint-benchmarks/micronaut-core/inject/src/main/java/io/micronaut/context/env/PropertySource.java
io.micronaut.context.env.PropertySource$2	/home/nima/Developer/taint-benchmarks/micronaut-core/inject/src/main/java/io/micronaut/context/env/PropertySource.java
io.micronaut.context.env.PropertySource$PropertyConvention	/home/nima/Developer/taint-benchmarks/micronaut-core/inject/src/main/java/io/micronaut/context/env/PropertySource.java
io.micronaut.context.ApplicationContextBuilder	/home/nima/Developer/taint-benchmarks/micronaut-core/inject/src/main/java/io/micronaut/context/ApplicationContextBuilder.java
io.micronaut.context.exceptions.ConfigurationException	/home/nima/Developer/taint-benchmarks/micronaut-core/inject/src/main/java/io/micronaut/context/exceptions/ConfigurationException.java
io.micronaut.inject.BeanIdentifier	/home/nima/Developer/taint-benchmarks/micronaut-core/inject/src/main/java/io/micronaut/inject/BeanIdentifier.java
io.micronaut.context.exceptions.BeanDestructionException	/home/nima/Developer/taint-benchmarks/micronaut-core/inject/src/main/java/io/micronaut/context/exceptions/BeanDestructionException.java
io.micronaut.context.env.ConfigurationPath	/home/nima/Developer/taint-benchmarks/micronaut-core/inject/src/main/java/io/micronaut/context/env/ConfigurationPath.java
io.micronaut.context.env.ConfigurationPath$ConfigurationSegment	/home/nima/Developer/taint-benchmarks/micronaut-core/inject/src/main/java/io/micronaut/context/env/ConfigurationPath.java
io.micronaut.context.env.ConfigurationPath$ConfigurationSegment$ConfigurationKind	/home/nima/Developer/taint-benchmarks/micronaut-core/inject/src/main/java/io/micronaut/context/env/ConfigurationPath.java
io.micronaut.context.env.DefaultConfigurationPath	/home/nima/Developer/taint-benchmarks/micronaut-core/inject/src/main/java/io/micronaut/context/env/DefaultConfigurationPath.java
io.micronaut.context.env.DefaultConfigurationPath$DefaultConfigurationSegment	/home/nima/Developer/taint-benchmarks/micronaut-core/inject/src/main/java/io/micronaut/context/env/DefaultConfigurationPath.java
io.micronaut.inject.BeanConfiguration	/home/nima/Developer/taint-benchmarks/micronaut-core/inject/src/main/java/io/micronaut/inject/BeanConfiguration.java
io.micronaut.context.env.PropertySourceLoader	/home/nima/Developer/taint-benchmarks/micronaut-core/inject/src/main/java/io/micronaut/context/env/PropertySourceLoader.java
io.micronaut.context.env.PropertySourceLocator	/home/nima/Developer/taint-benchmarks/micronaut-core/inject/src/main/java/io/micronaut/context/env/PropertySourceLocator.java
io.micronaut.context.env.PropertySourceReader	/home/nima/Developer/taint-benchmarks/micronaut-core/inject/src/main/java/io/micronaut/context/env/PropertySourceReader.java
io.micronaut.context.env.ActiveEnvironment	/home/nima/Developer/taint-benchmarks/micronaut-core/inject/src/main/java/io/micronaut/context/env/ActiveEnvironment.java
io.micronaut.context.env.ActiveEnvironment$1	/home/nima/Developer/taint-benchmarks/micronaut-core/inject/src/main/java/io/micronaut/context/env/ActiveEnvironment.java
io.micronaut.inject.BeanDefinitionReference	/home/nima/Developer/taint-benchmarks/micronaut-core/inject/src/main/java/io/micronaut/inject/BeanDefinitionReference.java
io.micronaut.context.SingletonScope	/home/nima/Developer/taint-benchmarks/micronaut-core/inject/src/main/java/io/micronaut/context/SingletonScope.java
io.micronaut.context.SingletonScope$BeanDefinitionIdentity	/home/nima/Developer/taint-benchmarks/micronaut-core/inject/src/main/java/io/micronaut/context/SingletonScope.java
io.micronaut.context.SingletonScope$BeanDefinitionDelegatedIdentity	/home/nima/Developer/taint-benchmarks/micronaut-core/inject/src/main/java/io/micronaut/context/SingletonScope.java
io.micronaut.context.SingletonScope$RuntimeBeanDefinitionIdentity	/home/nima/Developer/taint-benchmarks/micronaut-core/inject/src/main/java/io/micronaut/context/SingletonScope.java
io.micronaut.context.SingletonScope$SimpleBeanDefinitionIdentity	/home/nima/Developer/taint-benchmarks/micronaut-core/inject/src/main/java/io/micronaut/context/SingletonScope.java
io.micronaut.context.BeanContextConfiguration	/home/nima/Developer/taint-benchmarks/micronaut-core/inject/src/main/java/io/micronaut/context/BeanContextConfiguration.java
io.micronaut.context.scope.CustomScopeRegistry	/home/nima/Developer/taint-benchmarks/micronaut-core/inject/src/main/java/io/micronaut/context/scope/CustomScopeRegistry.java
io.micronaut.inject.validation.BeanDefinitionValidator	/home/nima/Developer/taint-benchmarks/micronaut-core/inject/src/main/java/io/micronaut/inject/validation/BeanDefinitionValidator.java
io.micronaut.inject.validation.BeanDefinitionValidator$1	/home/nima/Developer/taint-benchmarks/micronaut-core/inject/src/main/java/io/micronaut/inject/validation/BeanDefinitionValidator.java
io.micronaut.context.event.BeanInitializedEventListener	/home/nima/Developer/taint-benchmarks/micronaut-core/inject/src/main/java/io/micronaut/context/event/BeanInitializedEventListener.java
io.micronaut.context.event.BeanCreatedEventListener	/home/nima/Developer/taint-benchmarks/micronaut-core/inject/src/main/java/io/micronaut/context/event/BeanCreatedEventListener.java
io.micronaut.context.event.BeanPreDestroyEventListener	/home/nima/Developer/taint-benchmarks/micronaut-core/inject/src/main/java/io/micronaut/context/event/BeanPreDestroyEventListener.java
io.micronaut.context.event.BeanDestroyedEventListener	/home/nima/Developer/taint-benchmarks/micronaut-core/inject/src/main/java/io/micronaut/context/event/BeanDestroyedEventListener.java
io.micronaut.context.condition.ConditionContext	/home/nima/Developer/taint-benchmarks/micronaut-core/inject/src/main/java/io/micronaut/context/condition/ConditionContext.java
io.micronaut.inject.MethodExecutionHandle	/home/nima/Developer/taint-benchmarks/micronaut-core/inject/src/main/java/io/micronaut/inject/MethodExecutionHandle.java
io.micronaut.inject.ExecutionHandle	/home/nima/Developer/taint-benchmarks/micronaut-core/inject/src/main/java/io/micronaut/inject/ExecutionHandle.java
io.micronaut.inject.ExecutionHandle$1	/home/nima/Developer/taint-benchmarks/micronaut-core/inject/src/main/java/io/micronaut/inject/ExecutionHandle.java
io.micronaut.context.DisabledBean	/home/nima/Developer/taint-benchmarks/micronaut-core/inject/src/main/java/io/micronaut/context/DisabledBean.java
io.micronaut.context.RuntimeBeanDefinition	/home/nima/Developer/taint-benchmarks/micronaut-core/inject/src/main/java/io/micronaut/context/RuntimeBeanDefinition.java
io.micronaut.context.RuntimeBeanDefinition$Builder	/home/nima/Developer/taint-benchmarks/micronaut-core/inject/src/main/java/io/micronaut/context/RuntimeBeanDefinition.java
io.micronaut.context.exceptions.NoSuchBeanException	/home/nima/Developer/taint-benchmarks/micronaut-core/inject/src/main/java/io/micronaut/context/exceptions/NoSuchBeanException.java
io.micronaut.context.scope.CustomScope	/home/nima/Developer/taint-benchmarks/micronaut-core/inject/src/main/java/io/micronaut/context/scope/CustomScope.java
io.micronaut.context.scope.BeanCreationContext	/home/nima/Developer/taint-benchmarks/micronaut-core/inject/src/main/java/io/micronaut/context/scope/BeanCreationContext.java
io.micronaut.context.condition.Failure	/home/nima/Developer/taint-benchmarks/micronaut-core/inject/src/main/java/io/micronaut/context/condition/Failure.java
io.micronaut.context.event.BeanDestroyedEvent	/home/nima/Developer/taint-benchmarks/micronaut-core/inject/src/main/java/io/micronaut/context/event/BeanDestroyedEvent.java
io.micronaut.context.event.BeanEvent	/home/nima/Developer/taint-benchmarks/micronaut-core/inject/src/main/java/io/micronaut/context/event/BeanEvent.java
io.micronaut.context.event.BeanContextEvent	/home/nima/Developer/taint-benchmarks/micronaut-core/inject/src/main/java/io/micronaut/context/event/BeanContextEvent.java
io.micronaut.context.event.ApplicationEvent	/home/nima/Developer/taint-benchmarks/micronaut-core/inject/src/main/java/io/micronaut/context/event/ApplicationEvent.java
io.micronaut.context.event.BeanPreDestroyEvent	/home/nima/Developer/taint-benchmarks/micronaut-core/inject/src/main/java/io/micronaut/context/event/BeanPreDestroyEvent.java
io.micronaut.context.event.BeanCreatedEvent	/home/nima/Developer/taint-benchmarks/micronaut-core/inject/src/main/java/io/micronaut/context/event/BeanCreatedEvent.java
io.micronaut.context.event.BeanInitializingEvent	/home/nima/Developer/taint-benchmarks/micronaut-core/inject/src/main/java/io/micronaut/context/event/BeanInitializingEvent.java
io.micronaut.inject.annotation.AbstractEnvironmentAnnotationMetadata	/home/nima/Developer/taint-benchmarks/micronaut-core/inject/src/main/java/io/micronaut/inject/annotation/AbstractEnvironmentAnnotationMetadata.java
io.micronaut.inject.annotation.EnvironmentAnnotationMetadata	/home/nima/Developer/taint-benchmarks/micronaut-core/inject/src/main/java/io/micronaut/inject/annotation/EnvironmentAnnotationMetadata.java
io.micronaut.context.AbstractExecutable	/home/nima/Developer/taint-benchmarks/micronaut-core/inject/src/main/java/io/micronaut/context/AbstractExecutable.java
io.micronaut.context.AbstractLocalizedMessageSource	/home/nima/Developer/taint-benchmarks/micronaut-core/inject/src/main/java/io/micronaut/context/AbstractLocalizedMessageSource.java
io.micronaut.context.LocalizedMessageSource	/home/nima/Developer/taint-benchmarks/micronaut-core/inject/src/main/java/io/micronaut/context/LocalizedMessageSource.java
io.micronaut.context.MessageSource	/home/nima/Developer/taint-benchmarks/micronaut-core/inject/src/main/java/io/micronaut/context/MessageSource.java
io.micronaut.context.MessageSource$1	/home/nima/Developer/taint-benchmarks/micronaut-core/inject/src/main/java/io/micronaut/context/MessageSource.java
io.micronaut.context.MessageSource$MessageContext	/home/nima/Developer/taint-benchmarks/micronaut-core/inject/src/main/java/io/micronaut/context/MessageSource.java
io.micronaut.context.MessageSource$MessageContext$1	/home/nima/Developer/taint-benchmarks/micronaut-core/inject/src/main/java/io/micronaut/context/MessageSource.java
io.micronaut.context.RequiresCondition	/home/nima/Developer/taint-benchmarks/micronaut-core/inject/src/main/java/io/micronaut/context/RequiresCondition.java
io.micronaut.context.condition.Condition	/home/nima/Developer/taint-benchmarks/micronaut-core/inject/src/main/java/io/micronaut/context/condition/Condition.java
io.micronaut.context.annotation.Requires	/home/nima/Developer/taint-benchmarks/micronaut-core/inject/src/main/java/io/micronaut/context/annotation/Requires.java
io.micronaut.context.annotation.Requires$Sdk	/home/nima/Developer/taint-benchmarks/micronaut-core/inject/src/main/java/io/micronaut/context/annotation/Requires.java
io.micronaut.context.annotation.Requires$Family	/home/nima/Developer/taint-benchmarks/micronaut-core/inject/src/main/java/io/micronaut/context/annotation/Requires.java
io.micronaut.context.ProviderUtils	/home/nima/Developer/taint-benchmarks/micronaut-core/inject/src/main/java/io/micronaut/context/ProviderUtils.java
io.micronaut.context.ProviderUtils$MemoizingProvider	/home/nima/Developer/taint-benchmarks/micronaut-core/inject/src/main/java/io/micronaut/context/ProviderUtils.java
io.micronaut.context.AbstractBeanDefinitionBeanConstructor	/home/nima/Developer/taint-benchmarks/micronaut-core/inject/src/main/java/io/micronaut/context/AbstractBeanDefinitionBeanConstructor.java
io.micronaut.context.StaticMessageSource	/home/nima/Developer/taint-benchmarks/micronaut-core/inject/src/main/java/io/micronaut/context/StaticMessageSource.java
io.micronaut.context.AbstractMessageSource	/home/nima/Developer/taint-benchmarks/micronaut-core/inject/src/main/java/io/micronaut/context/AbstractMessageSource.java
io.micronaut.context.AbstractMessageSource$MessageKey	/home/nima/Developer/taint-benchmarks/micronaut-core/inject/src/main/java/io/micronaut/context/AbstractMessageSource.java
io.micronaut.context.DefaultRuntimeBeanDefinition	/home/nima/Developer/taint-benchmarks/micronaut-core/inject/src/main/java/io/micronaut/context/DefaultRuntimeBeanDefinition.java
io.micronaut.context.DefaultRuntimeBeanDefinition$RuntimeBeanBuilder	/home/nima/Developer/taint-benchmarks/micronaut-core/inject/src/main/java/io/micronaut/context/DefaultRuntimeBeanDefinition.java
io.micronaut.context.MessageSourceUtils	/home/nima/Developer/taint-benchmarks/micronaut-core/inject/src/main/java/io/micronaut/context/MessageSourceUtils.java
io.micronaut.context.AbstractInitializableBeanDefinitionReference	/home/nima/Developer/taint-benchmarks/micronaut-core/inject/src/main/java/io/micronaut/context/AbstractInitializableBeanDefinitionReference.java
io.micronaut.context.AnnotationProcessorListener	/home/nima/Developer/taint-benchmarks/micronaut-core/inject/src/main/java/io/micronaut/context/AnnotationProcessorListener.java
io.micronaut.context.processor.AnnotationProcessor	/home/nima/Developer/taint-benchmarks/micronaut-core/inject/src/main/java/io/micronaut/context/processor/AnnotationProcessor.java
io.micronaut.context.BeanDefinitionDelegate	/home/nima/Developer/taint-benchmarks/micronaut-core/inject/src/main/java/io/micronaut/context/BeanDefinitionDelegate.java
io.micronaut.context.BeanDefinitionDelegate$ProxyInitializingBeanDefinition	/home/nima/Developer/taint-benchmarks/micronaut-core/inject/src/main/java/io/micronaut/context/BeanDefinitionDelegate.java
io.micronaut.context.BeanDefinitionDelegate$ProxyDisposableBeanDefinition	/home/nima/Developer/taint-benchmarks/micronaut-core/inject/src/main/java/io/micronaut/context/BeanDefinitionDelegate.java
io.micronaut.context.BeanDefinitionDelegate$ProxyValidatingBeanDefinition	/home/nima/Developer/taint-benchmarks/micronaut-core/inject/src/main/java/io/micronaut/context/BeanDefinitionDelegate.java
io.micronaut.context.BeanDefinitionDelegate$LifeCycleDelegate	/home/nima/Developer/taint-benchmarks/micronaut-core/inject/src/main/java/io/micronaut/context/BeanDefinitionDelegate.java
io.micronaut.context.BeanDefinitionDelegate$ValidatingDelegate	/home/nima/Developer/taint-benchmarks/micronaut-core/inject/src/main/java/io/micronaut/context/BeanDefinitionDelegate.java
io.micronaut.context.BeanDefinitionDelegate$LifeCycleValidatingDelegate	/home/nima/Developer/taint-benchmarks/micronaut-core/inject/src/main/java/io/micronaut/context/BeanDefinitionDelegate.java
io.micronaut.inject.DelegatingBeanDefinition	/home/nima/Developer/taint-benchmarks/micronaut-core/inject/src/main/java/io/micronaut/inject/DelegatingBeanDefinition.java
io.micronaut.context.BeanDisposingRegistration	/home/nima/Developer/taint-benchmarks/micronaut-core/inject/src/main/java/io/micronaut/context/BeanDisposingRegistration.java
io.micronaut.context.DefaultApplicationContext	/home/nima/Developer/taint-benchmarks/micronaut-core/inject/src/main/java/io/micronaut/context/DefaultApplicationContext.java
io.micronaut.context.DefaultApplicationContext$1	/home/nima/Developer/taint-benchmarks/micronaut-core/inject/src/main/java/io/micronaut/context/DefaultApplicationContext.java
io.micronaut.context.DefaultApplicationContext$BootstrapPropertySource	/home/nima/Developer/taint-benchmarks/micronaut-core/inject/src/main/java/io/micronaut/context/DefaultApplicationContext.java
io.micronaut.context.DefaultApplicationContext$BootstrapEnvironment	/home/nima/Developer/taint-benchmarks/micronaut-core/inject/src/main/java/io/micronaut/context/DefaultApplicationContext.java
io.micronaut.context.DefaultApplicationContext$BootstrapEnvironment$1	/home/nima/Developer/taint-benchmarks/micronaut-core/inject/src/main/java/io/micronaut/context/DefaultApplicationContext.java
io.micronaut.context.DefaultApplicationContext$BootstrapApplicationContext	/home/nima/Developer/taint-benchmarks/micronaut-core/inject/src/main/java/io/micronaut/context/DefaultApplicationContext.java
io.micronaut.context.DefaultApplicationContext$RuntimeConfiguredEnvironment	/home/nima/Developer/taint-benchmarks/micronaut-core/inject/src/main/java/io/micronaut/context/DefaultApplicationContext.java
io.micronaut.context.ApplicationContextConfiguration	/home/nima/Developer/taint-benchmarks/micronaut-core/inject/src/main/java/io/micronaut/context/ApplicationContextConfiguration.java
io.micronaut.context.env.DefaultEnvironment	/home/nima/Developer/taint-benchmarks/micronaut-core/inject/src/main/java/io/micronaut/context/env/DefaultEnvironment.java
io.micronaut.context.env.DefaultEnvironment$EnvironmentsAndPackage	/home/nima/Developer/taint-benchmarks/micronaut-core/inject/src/main/java/io/micronaut/context/env/DefaultEnvironment.java
io.micronaut.context.env.PropertySourcePropertyResolver	/home/nima/Developer/taint-benchmarks/micronaut-core/inject/src/main/java/io/micronaut/context/env/PropertySourcePropertyResolver.java
io.micronaut.context.env.PropertySourcePropertyResolver$PropertyCatalog	/home/nima/Developer/taint-benchmarks/micronaut-core/inject/src/main/java/io/micronaut/context/env/PropertySourcePropertyResolver.java
io.micronaut.context.env.PropertySourcePropertyResolver$ConversionCacheKey	/home/nima/Developer/taint-benchmarks/micronaut-core/inject/src/main/java/io/micronaut/context/env/PropertySourcePropertyResolver.java
io.micronaut.context.env.ComputePlatform	/home/nima/Developer/taint-benchmarks/micronaut-core/inject/src/main/java/io/micronaut/context/env/ComputePlatform.java
io.micronaut.context.env.BootstrapPropertySourceLocator	/home/nima/Developer/taint-benchmarks/micronaut-core/inject/src/main/java/io/micronaut/context/env/BootstrapPropertySourceLocator.java
io.micronaut.inject.UnsafeExecutionHandle	/home/nima/Developer/taint-benchmarks/micronaut-core/inject/src/main/java/io/micronaut/inject/UnsafeExecutionHandle.java
io.micronaut.context.AbstractBeanResolutionContext	/home/nima/Developer/taint-benchmarks/micronaut-core/inject/src/main/java/io/micronaut/context/AbstractBeanResolutionContext.java
io.micronaut.context.AbstractBeanResolutionContext$DefaultPath	/home/nima/Developer/taint-benchmarks/micronaut-core/inject/src/main/java/io/micronaut/context/AbstractBeanResolutionContext.java
io.micronaut.context.AbstractBeanResolutionContext$ConstructorArgumentSegment	/home/nima/Developer/taint-benchmarks/micronaut-core/inject/src/main/java/io/micronaut/context/AbstractBeanResolutionContext.java
io.micronaut.context.AbstractBeanResolutionContext$ConstructorSegment	/home/nima/Developer/taint-benchmarks/micronaut-core/inject/src/main/java/io/micronaut/context/AbstractBeanResolutionContext.java
io.micronaut.context.AbstractBeanResolutionContext$ConstructorSegment$1	/home/nima/Developer/taint-benchmarks/micronaut-core/inject/src/main/java/io/micronaut/context/AbstractBeanResolutionContext.java
io.micronaut.context.AbstractBeanResolutionContext$MethodArgumentSegment	/home/nima/Developer/taint-benchmarks/micronaut-core/inject/src/main/java/io/micronaut/context/AbstractBeanResolutionContext.java
io.micronaut.context.AbstractBeanResolutionContext$MethodSegment	/home/nima/Developer/taint-benchmarks/micronaut-core/inject/src/main/java/io/micronaut/context/AbstractBeanResolutionContext.java
io.micronaut.context.AbstractBeanResolutionContext$FieldSegment	/home/nima/Developer/taint-benchmarks/micronaut-core/inject/src/main/java/io/micronaut/context/AbstractBeanResolutionContext.java
io.micronaut.context.AbstractBeanResolutionContext$AnnotationSegment	/home/nima/Developer/taint-benchmarks/micronaut-core/inject/src/main/java/io/micronaut/context/AbstractBeanResolutionContext.java
io.micronaut.context.AbstractBeanResolutionContext$AbstractSegment	/home/nima/Developer/taint-benchmarks/micronaut-core/inject/src/main/java/io/micronaut/context/AbstractBeanResolutionContext.java
io.micronaut.context.processor.BeanDefinitionProcessor	/home/nima/Developer/taint-benchmarks/micronaut-core/inject/src/main/java/io/micronaut/context/processor/BeanDefinitionProcessor.java
io.micronaut.context.processor.ExecutableMethodProcessor	/home/nima/Developer/taint-benchmarks/micronaut-core/inject/src/main/java/io/micronaut/context/processor/ExecutableMethodProcessor.java
io.micronaut.inject.ArgumentInjectionPoint	/home/nima/Developer/taint-benchmarks/micronaut-core/inject/src/main/java/io/micronaut/inject/ArgumentInjectionPoint.java
io.micronaut.context.converters.ContextConverterRegistrar	/home/nima/Developer/taint-benchmarks/micronaut-core/inject/src/main/java/io/micronaut/context/converters/ContextConverterRegistrar.java
io.micronaut.context.converters.ContextConverterRegistrar$MissingClass	/home/nima/Developer/taint-benchmarks/micronaut-core/inject/src/main/java/io/micronaut/context/converters/ContextConverterRegistrar.java
io.micronaut.context.annotation.Prototype	/home/nima/Developer/taint-benchmarks/micronaut-core/inject/src/main/java/io/micronaut/context/annotation/Prototype.java
io.micronaut.context.annotation.Bean	/home/nima/Developer/taint-benchmarks/micronaut-core/inject/src/main/java/io/micronaut/context/annotation/Bean.java
io.micronaut.context.DefaultConstructorInjectionPoint	/home/nima/Developer/taint-benchmarks/micronaut-core/inject/src/main/java/io/micronaut/context/DefaultConstructorInjectionPoint.java
io.micronaut.context.DefaultConstructorInjectionPoint$ConstructorAnnotationMetadata	/home/nima/Developer/taint-benchmarks/micronaut-core/inject/src/main/java/io/micronaut/context/DefaultConstructorInjectionPoint.java
io.micronaut.inject.annotation.DefaultAnnotationMetadata	/home/nima/Developer/taint-benchmarks/micronaut-core/inject/src/main/java/io/micronaut/inject/annotation/DefaultAnnotationMetadata.java
io.micronaut.inject.annotation.AbstractAnnotationMetadata	/home/nima/Developer/taint-benchmarks/micronaut-core/inject/src/main/java/io/micronaut/inject/annotation/AbstractAnnotationMetadata.java
io.micronaut.context.annotation.Infrastructure	/home/nima/Developer/taint-benchmarks/micronaut-core/inject/src/main/java/io/micronaut/context/annotation/Infrastructure.java
io.micronaut.context.annotation.Mapper	/home/nima/Developer/taint-benchmarks/micronaut-core/inject/src/main/java/io/micronaut/context/annotation/Mapper.java
io.micronaut.context.annotation.Mapper$Mapping	/home/nima/Developer/taint-benchmarks/micronaut-core/inject/src/main/java/io/micronaut/context/annotation/Mapper.java
io.micronaut.context.annotation.Mapper$ConflictStrategy	/home/nima/Developer/taint-benchmarks/micronaut-core/inject/src/main/java/io/micronaut/context/annotation/Mapper.java
io.micronaut.context.annotation.AnnotationExpressionContext	/home/nima/Developer/taint-benchmarks/micronaut-core/inject/src/main/java/io/micronaut/context/annotation/AnnotationExpressionContext.java
io.micronaut.context.annotation.Any	/home/nima/Developer/taint-benchmarks/micronaut-core/inject/src/main/java/io/micronaut/context/annotation/Any.java
io.micronaut.context.annotation.DefaultImplementation	/home/nima/Developer/taint-benchmarks/micronaut-core/inject/src/main/java/io/micronaut/context/annotation/DefaultImplementation.java
io.micronaut.context.annotation.PropertySource	/home/nima/Developer/taint-benchmarks/micronaut-core/inject/src/main/java/io/micronaut/context/annotation/PropertySource.java
io.micronaut.context.annotation.Property	/home/nima/Developer/taint-benchmarks/micronaut-core/inject/src/main/java/io/micronaut/context/annotation/Property.java
io.micronaut.context.annotation.Type	/home/nima/Developer/taint-benchmarks/micronaut-core/inject/src/main/java/io/micronaut/context/annotation/Type.java
io.micronaut.context.annotation.EachProperty	/home/nima/Developer/taint-benchmarks/micronaut-core/inject/src/main/java/io/micronaut/context/annotation/EachProperty.java
io.micronaut.context.annotation.ConfigurationReader	/home/nima/Developer/taint-benchmarks/micronaut-core/inject/src/main/java/io/micronaut/context/annotation/ConfigurationReader.java
io.micronaut.context.annotation.BeanProperties	/home/nima/Developer/taint-benchmarks/micronaut-core/inject/src/main/java/io/micronaut/context/annotation/BeanProperties.java
io.micronaut.context.annotation.BeanProperties$AccessKind	/home/nima/Developer/taint-benchmarks/micronaut-core/inject/src/main/java/io/micronaut/context/annotation/BeanProperties.java
io.micronaut.context.annotation.BeanProperties$Visibility	/home/nima/Developer/taint-benchmarks/micronaut-core/inject/src/main/java/io/micronaut/context/annotation/BeanProperties.java
io.micronaut.context.annotation.Replaces	/home/nima/Developer/taint-benchmarks/micronaut-core/inject/src/main/java/io/micronaut/context/annotation/Replaces.java
io.micronaut.context.annotation.Parameter	/home/nima/Developer/taint-benchmarks/micronaut-core/inject/src/main/java/io/micronaut/context/annotation/Parameter.java
io.micronaut.context.annotation.AliasFor	/home/nima/Developer/taint-benchmarks/micronaut-core/inject/src/main/java/io/micronaut/context/annotation/AliasFor.java
io.micronaut.context.annotation.EachBean	/home/nima/Developer/taint-benchmarks/micronaut-core/inject/src/main/java/io/micronaut/context/annotation/EachBean.java
io.micronaut.context.annotation.ConfigurationBuilder	/home/nima/Developer/taint-benchmarks/micronaut-core/inject/src/main/java/io/micronaut/context/annotation/ConfigurationBuilder.java
io.micronaut.context.annotation.Context	/home/nima/Developer/taint-benchmarks/micronaut-core/inject/src/main/java/io/micronaut/context/annotation/Context.java
io.micronaut.context.annotation.Configuration	/home/nima/Developer/taint-benchmarks/micronaut-core/inject/src/main/java/io/micronaut/context/annotation/Configuration.java
io.micronaut.context.annotation.Factory	/home/nima/Developer/taint-benchmarks/micronaut-core/inject/src/main/java/io/micronaut/context/annotation/Factory.java
io.micronaut.context.annotation.DefaultScope	/home/nima/Developer/taint-benchmarks/micronaut-core/inject/src/main/java/io/micronaut/context/annotation/DefaultScope.java
io.micronaut.context.annotation.Secondary	/home/nima/Developer/taint-benchmarks/micronaut-core/inject/src/main/java/io/micronaut/context/annotation/Secondary.java
io.micronaut.context.annotation.ConfigurationInject	/home/nima/Developer/taint-benchmarks/micronaut-core/inject/src/main/java/io/micronaut/context/annotation/ConfigurationInject.java
io.micronaut.context.annotation.NonBinding	/home/nima/Developer/taint-benchmarks/micronaut-core/inject/src/main/java/io/micronaut/context/annotation/NonBinding.java
io.micronaut.context.annotation.ConfigurationProperties	/home/nima/Developer/taint-benchmarks/micronaut-core/inject/src/main/java/io/micronaut/context/annotation/ConfigurationProperties.java
io.micronaut.context.annotation.ContextConfigurer	/home/nima/Developer/taint-benchmarks/micronaut-core/inject/src/main/java/io/micronaut/context/annotation/ContextConfigurer.java
io.micronaut.context.annotation.InjectScope	/home/nima/Developer/taint-benchmarks/micronaut-core/inject/src/main/java/io/micronaut/context/annotation/InjectScope.java
io.micronaut.context.annotation.Import	/home/nima/Developer/taint-benchmarks/micronaut-core/inject/src/main/java/io/micronaut/context/annotation/Import.java
io.micronaut.context.annotation.Primary	/home/nima/Developer/taint-benchmarks/micronaut-core/inject/src/main/java/io/micronaut/context/annotation/Primary.java
io.micronaut.context.annotation.Parallel	/home/nima/Developer/taint-benchmarks/micronaut-core/inject/src/main/java/io/micronaut/context/annotation/Parallel.java
io.micronaut.context.annotation.Executable	/home/nima/Developer/taint-benchmarks/micronaut-core/inject/src/main/java/io/micronaut/context/annotation/Executable.java
io.micronaut.context.annotation.Provided	/home/nima/Developer/taint-benchmarks/micronaut-core/inject/src/main/java/io/micronaut/context/annotation/Provided.java
io.micronaut.context.annotation.Value	/home/nima/Developer/taint-benchmarks/micronaut-core/inject/src/main/java/io/micronaut/context/annotation/Value.java
io.micronaut.context.annotation.Aliases	/home/nima/Developer/taint-benchmarks/micronaut-core/inject/src/main/java/io/micronaut/context/annotation/Aliases.java
io.micronaut.context.annotation.BootstrapContextCompatible	/home/nima/Developer/taint-benchmarks/micronaut-core/inject/src/main/java/io/micronaut/context/annotation/BootstrapContextCompatible.java
io.micronaut.context.annotation.Requirements	/home/nima/Developer/taint-benchmarks/micronaut-core/inject/src/main/java/io/micronaut/context/annotation/Requirements.java
io.micronaut.context.scope.AbstractConcurrentCustomScope	/home/nima/Developer/taint-benchmarks/micronaut-core/inject/src/main/java/io/micronaut/context/scope/AbstractConcurrentCustomScope.java
io.micronaut.context.exceptions.DisabledBeanException	/home/nima/Developer/taint-benchmarks/micronaut-core/inject/src/main/java/io/micronaut/context/exceptions/DisabledBeanException.java
io.micronaut.context.exceptions.ExpressionEvaluationException	/home/nima/Developer/taint-benchmarks/micronaut-core/inject/src/main/java/io/micronaut/context/exceptions/ExpressionEvaluationException.java
io.micronaut.context.exceptions.CircularDependencyException	/home/nima/Developer/taint-benchmarks/micronaut-core/inject/src/main/java/io/micronaut/context/exceptions/CircularDependencyException.java
io.micronaut.context.exceptions.NoSuchMessageException	/home/nima/Developer/taint-benchmarks/micronaut-core/inject/src/main/java/io/micronaut/context/exceptions/NoSuchMessageException.java
io.micronaut.context.exceptions.MessageUtils	/home/nima/Developer/taint-benchmarks/micronaut-core/inject/src/main/java/io/micronaut/context/exceptions/MessageUtils.java
io.micronaut.context.exceptions.NonUniqueBeanException	/home/nima/Developer/taint-benchmarks/micronaut-core/inject/src/main/java/io/micronaut/context/exceptions/NonUniqueBeanException.java
io.micronaut.context.DefaultApplicationContextBuilder	/home/nima/Developer/taint-benchmarks/micronaut-core/inject/src/main/java/io/micronaut/context/DefaultApplicationContextBuilder.java
io.micronaut.context.DefaultApplicationContextBuilder$1	/home/nima/Developer/taint-benchmarks/micronaut-core/inject/src/main/java/io/micronaut/context/DefaultApplicationContextBuilder.java
io.micronaut.context.ApplicationContextConfigurer	/home/nima/Developer/taint-benchmarks/micronaut-core/inject/src/main/java/io/micronaut/context/ApplicationContextConfigurer.java
io.micronaut.context.ApplicationContextConfigurer$1	/home/nima/Developer/taint-benchmarks/micronaut-core/inject/src/main/java/io/micronaut/context/ApplicationContextConfigurer.java
io.micronaut.context.env.EmptyPropertySource	/home/nima/Developer/taint-benchmarks/micronaut-core/inject/src/main/java/io/micronaut/context/env/EmptyPropertySource.java
io.micronaut.context.env.EmptyPropertySource$1	/home/nima/Developer/taint-benchmarks/micronaut-core/inject/src/main/java/io/micronaut/context/env/EmptyPropertySource.java
io.micronaut.context.env.PropertyExpressionResolver	/home/nima/Developer/taint-benchmarks/micronaut-core/inject/src/main/java/io/micronaut/context/env/PropertyExpressionResolver.java
io.micronaut.context.env.MapPropertySource	/home/nima/Developer/taint-benchmarks/micronaut-core/inject/src/main/java/io/micronaut/context/env/MapPropertySource.java
io.micronaut.context.env.MapPropertySource$1	/home/nima/Developer/taint-benchmarks/micronaut-core/inject/src/main/java/io/micronaut/context/env/MapPropertySource.java
io.micronaut.context.env.DefaultPropertyPlaceholderResolver	/home/nima/Developer/taint-benchmarks/micronaut-core/inject/src/main/java/io/micronaut/context/env/DefaultPropertyPlaceholderResolver.java
io.micronaut.context.env.DefaultPropertyPlaceholderResolver$Segment	/home/nima/Developer/taint-benchmarks/micronaut-core/inject/src/main/java/io/micronaut/context/env/DefaultPropertyPlaceholderResolver.java
io.micronaut.context.env.DefaultPropertyPlaceholderResolver$RawSegment	/home/nima/Developer/taint-benchmarks/micronaut-core/inject/src/main/java/io/micronaut/context/env/DefaultPropertyPlaceholderResolver.java
io.micronaut.context.env.DefaultPropertyPlaceholderResolver$PlaceholderSegment	/home/nima/Developer/taint-benchmarks/micronaut-core/inject/src/main/java/io/micronaut/context/env/DefaultPropertyPlaceholderResolver.java
io.micronaut.context.env.SystemPropertiesPropertySource	/home/nima/Developer/taint-benchmarks/micronaut-core/inject/src/main/java/io/micronaut/context/env/SystemPropertiesPropertySource.java
io.micronaut.context.env.EnvironmentPropertySource	/home/nima/Developer/taint-benchmarks/micronaut-core/inject/src/main/java/io/micronaut/context/env/EnvironmentPropertySource.java
io.micronaut.context.env.ConstantPropertySources	/home/nima/Developer/taint-benchmarks/micronaut-core/inject/src/main/java/io/micronaut/context/env/ConstantPropertySources.java
io.micronaut.context.env.AbstractPropertySourceLoader	/home/nima/Developer/taint-benchmarks/micronaut-core/inject/src/main/java/io/micronaut/context/env/AbstractPropertySourceLoader.java
io.micronaut.context.env.AbstractPropertySourceLoader$1	/home/nima/Developer/taint-benchmarks/micronaut-core/inject/src/main/java/io/micronaut/context/env/AbstractPropertySourceLoader.java
io.micronaut.context.env.CachedEnvironment	/home/nima/Developer/taint-benchmarks/micronaut-core/inject/src/main/java/io/micronaut/context/env/CachedEnvironment.java
io.micronaut.context.env.yaml.ConstructIsoTimestampString	/home/nima/Developer/taint-benchmarks/micronaut-core/inject/src/main/java/io/micronaut/context/env/yaml/ConstructIsoTimestampString.java
io.micronaut.context.env.yaml.CustomSafeConstructor	/home/nima/Developer/taint-benchmarks/micronaut-core/inject/src/main/java/io/micronaut/context/env/yaml/CustomSafeConstructor.java
io.micronaut.context.env.yaml.YamlPropertySourceLoader	/home/nima/Developer/taint-benchmarks/micronaut-core/inject/src/main/java/io/micronaut/context/env/yaml/YamlPropertySourceLoader.java
io.micronaut.context.env.yaml.YamlPropertySourceLoader$Wrapper	/home/nima/Developer/taint-benchmarks/micronaut-core/inject/src/main/java/io/micronaut/context/env/yaml/YamlPropertySourceLoader.java
io.micronaut.context.env.KubernetesEnvironmentPropertySource	/home/nima/Developer/taint-benchmarks/micronaut-core/inject/src/main/java/io/micronaut/context/env/KubernetesEnvironmentPropertySource.java
io.micronaut.context.env.exp.RandomPropertyExpressionResolver	/home/nima/Developer/taint-benchmarks/micronaut-core/inject/src/main/java/io/micronaut/context/env/exp/RandomPropertyExpressionResolver.java
io.micronaut.context.env.exp.RandomPropertyExpressionResolver$LazyInit	/home/nima/Developer/taint-benchmarks/micronaut-core/inject/src/main/java/io/micronaut/context/env/exp/RandomPropertyExpressionResolver.java
io.micronaut.context.env.CommandLinePropertySource	/home/nima/Developer/taint-benchmarks/micronaut-core/inject/src/main/java/io/micronaut/context/env/CommandLinePropertySource.java
io.micronaut.context.env.PropertiesPropertySourceLoader	/home/nima/Developer/taint-benchmarks/micronaut-core/inject/src/main/java/io/micronaut/context/env/PropertiesPropertySourceLoader.java
io.micronaut.context.DefaultMethodConstructorInjectionPoint	/home/nima/Developer/taint-benchmarks/micronaut-core/inject/src/main/java/io/micronaut/context/DefaultMethodConstructorInjectionPoint.java
io.micronaut.context.DefaultMethodInjectionPoint	/home/nima/Developer/taint-benchmarks/micronaut-core/inject/src/main/java/io/micronaut/context/DefaultMethodInjectionPoint.java
io.micronaut.context.DefaultMethodInjectionPoint$MethodAnnotationMetadata	/home/nima/Developer/taint-benchmarks/micronaut-core/inject/src/main/java/io/micronaut/context/DefaultMethodInjectionPoint.java
io.micronaut.context.DefaultMessageContext	/home/nima/Developer/taint-benchmarks/micronaut-core/inject/src/main/java/io/micronaut/context/DefaultMessageContext.java
io.micronaut.context.condition.OperatingSystem	/home/nima/Developer/taint-benchmarks/micronaut-core/inject/src/main/java/io/micronaut/context/condition/OperatingSystem.java
io.micronaut.context.condition.TrueCondition	/home/nima/Developer/taint-benchmarks/micronaut-core/inject/src/main/java/io/micronaut/context/condition/TrueCondition.java
io.micronaut.context.DefaultCustomScopeRegistry	/home/nima/Developer/taint-benchmarks/micronaut-core/inject/src/main/java/io/micronaut/context/DefaultCustomScopeRegistry.java
io.micronaut.context.DefaultCustomScopeRegistry$InjectScopeImpl	/home/nima/Developer/taint-benchmarks/micronaut-core/inject/src/main/java/io/micronaut/context/DefaultCustomScopeRegistry.java
io.micronaut.context.AbstractBeanConfiguration	/home/nima/Developer/taint-benchmarks/micronaut-core/inject/src/main/java/io/micronaut/context/AbstractBeanConfiguration.java
io.micronaut.context.BeanDefinitionAware	/home/nima/Developer/taint-benchmarks/micronaut-core/inject/src/main/java/io/micronaut/context/BeanDefinitionAware.java
io.micronaut.context.BeanProvider	/home/nima/Developer/taint-benchmarks/micronaut-core/inject/src/main/java/io/micronaut/context/BeanProvider.java
io.micronaut.context.expressions.DefaultExpressionEvaluationContext	/home/nima/Developer/taint-benchmarks/micronaut-core/inject/src/main/java/io/micronaut/context/expressions/DefaultExpressionEvaluationContext.java
io.micronaut.context.expressions.ConfigurableExpressionEvaluationContext	/home/nima/Developer/taint-benchmarks/micronaut-core/inject/src/main/java/io/micronaut/context/expressions/ConfigurableExpressionEvaluationContext.java
io.micronaut.context.expressions.AbstractEvaluatedExpression	/home/nima/Developer/taint-benchmarks/micronaut-core/inject/src/main/java/io/micronaut/context/expressions/AbstractEvaluatedExpression.java
io.micronaut.context.AbstractExecutableMethodsDefinition	/home/nima/Developer/taint-benchmarks/micronaut-core/inject/src/main/java/io/micronaut/context/AbstractExecutableMethodsDefinition.java
io.micronaut.context.AbstractExecutableMethodsDefinition$MethodReference	/home/nima/Developer/taint-benchmarks/micronaut-core/inject/src/main/java/io/micronaut/context/AbstractExecutableMethodsDefinition.java
io.micronaut.context.AbstractExecutableMethodsDefinition$DispatchedExecutableMethod	/home/nima/Developer/taint-benchmarks/micronaut-core/inject/src/main/java/io/micronaut/context/AbstractExecutableMethodsDefinition.java
io.micronaut.context.AbstractExecutableMethodsDefinition$DefaultReturnType	/home/nima/Developer/taint-benchmarks/micronaut-core/inject/src/main/java/io/micronaut/context/AbstractExecutableMethodsDefinition.java
io.micronaut.context.AbstractExecutableMethodsDefinition$MethodAnnotationMetadata	/home/nima/Developer/taint-benchmarks/micronaut-core/inject/src/main/java/io/micronaut/context/AbstractExecutableMethodsDefinition.java
io.micronaut.context.AbstractExecutableMethod	/home/nima/Developer/taint-benchmarks/micronaut-core/inject/src/main/java/io/micronaut/context/AbstractExecutableMethod.java
io.micronaut.context.AbstractExecutableMethod$ReturnTypeImpl	/home/nima/Developer/taint-benchmarks/micronaut-core/inject/src/main/java/io/micronaut/context/AbstractExecutableMethod.java
io.micronaut.context.AbstractExecutableMethod$MethodAnnotationMetadata	/home/nima/Developer/taint-benchmarks/micronaut-core/inject/src/main/java/io/micronaut/context/AbstractExecutableMethod.java
io.micronaut.context.DefaultFieldConstructorInjectionPoint	/home/nima/Developer/taint-benchmarks/micronaut-core/inject/src/main/java/io/micronaut/context/DefaultFieldConstructorInjectionPoint.java
io.micronaut.context.DefaultFieldInjectionPoint	/home/nima/Developer/taint-benchmarks/micronaut-core/inject/src/main/java/io/micronaut/context/DefaultFieldInjectionPoint.java
io.micronaut.context.DefaultFieldInjectionPoint$FieldAnnotationMetadata	/home/nima/Developer/taint-benchmarks/micronaut-core/inject/src/main/java/io/micronaut/context/DefaultFieldInjectionPoint.java
io.micronaut.inject.InitializingBeanDefinition	/home/nima/Developer/taint-benchmarks/micronaut-core/inject/src/main/java/io/micronaut/inject/InitializingBeanDefinition.java
io.micronaut.inject.DisposableBeanDefinition	/home/nima/Developer/taint-benchmarks/micronaut-core/inject/src/main/java/io/micronaut/inject/DisposableBeanDefinition.java
io.micronaut.inject.ValidatedBeanDefinition	/home/nima/Developer/taint-benchmarks/micronaut-core/inject/src/main/java/io/micronaut/inject/ValidatedBeanDefinition.java
io.micronaut.context.DefaultConditionContext	/home/nima/Developer/taint-benchmarks/micronaut-core/inject/src/main/java/io/micronaut/context/DefaultConditionContext.java
io.micronaut.context.i18n.ResourceBundleMessageSource	/home/nima/Developer/taint-benchmarks/micronaut-core/inject/src/main/java/io/micronaut/context/i18n/ResourceBundleMessageSource.java
io.micronaut.context.ApplicationContextProvider	/home/nima/Developer/taint-benchmarks/micronaut-core/inject/src/main/java/io/micronaut/context/ApplicationContextProvider.java
io.micronaut.context.ExpressionsAwareArgument	/home/nima/Developer/taint-benchmarks/micronaut-core/inject/src/main/java/io/micronaut/context/ExpressionsAwareArgument.java
io.micronaut.inject.annotation.EvaluatedAnnotationMetadata	/home/nima/Developer/taint-benchmarks/micronaut-core/inject/src/main/java/io/micronaut/inject/annotation/EvaluatedAnnotationMetadata.java
io.micronaut.inject.annotation.MappingAnnotationMetadataDelegate	/home/nima/Developer/taint-benchmarks/micronaut-core/inject/src/main/java/io/micronaut/inject/annotation/MappingAnnotationMetadataDelegate.java
io.micronaut.context.bind.ExecutableBeanContextBinder	/home/nima/Developer/taint-benchmarks/micronaut-core/inject/src/main/java/io/micronaut/context/bind/ExecutableBeanContextBinder.java
io.micronaut.context.bind.DefaultExecutableBeanContextBinder	/home/nima/Developer/taint-benchmarks/micronaut-core/inject/src/main/java/io/micronaut/context/bind/DefaultExecutableBeanContextBinder.java
io.micronaut.context.bind.DefaultExecutableBeanContextBinder$ContextBoundExecutable	/home/nima/Developer/taint-benchmarks/micronaut-core/inject/src/main/java/io/micronaut/context/bind/DefaultExecutableBeanContextBinder.java
io.micronaut.context.event.ApplicationEventPublisherFactory	/home/nima/Developer/taint-benchmarks/micronaut-core/inject/src/main/java/io/micronaut/context/event/ApplicationEventPublisherFactory.java
io.micronaut.context.event.ApplicationEventPublisherFactory$1	/home/nima/Developer/taint-benchmarks/micronaut-core/inject/src/main/java/io/micronaut/context/event/ApplicationEventPublisherFactory.java
io.micronaut.context.event.ApplicationEventPublisherFactory$2	/home/nima/Developer/taint-benchmarks/micronaut-core/inject/src/main/java/io/micronaut/context/event/ApplicationEventPublisherFactory.java
io.micronaut.context.event.ApplicationEventPublisherFactory$EventLogger	/home/nima/Developer/taint-benchmarks/micronaut-core/inject/src/main/java/io/micronaut/context/event/ApplicationEventPublisherFactory.java
io.micronaut.context.event.ApplicationEventListener	/home/nima/Developer/taint-benchmarks/micronaut-core/inject/src/main/java/io/micronaut/context/event/ApplicationEventListener.java
io.micronaut.context.event.NoOpApplicationEventPublisher	/home/nima/Developer/taint-benchmarks/micronaut-core/inject/src/main/java/io/micronaut/context/event/NoOpApplicationEventPublisher.java
io.micronaut.context.event.StartupEvent	/home/nima/Developer/taint-benchmarks/micronaut-core/inject/src/main/java/io/micronaut/context/event/StartupEvent.java
io.micronaut.context.event.ShutdownEvent	/home/nima/Developer/taint-benchmarks/micronaut-core/inject/src/main/java/io/micronaut/context/event/ShutdownEvent.java
io.micronaut.context.EnvironmentAwareArgument	/home/nima/Developer/taint-benchmarks/micronaut-core/inject/src/main/java/io/micronaut/context/EnvironmentAwareArgument.java
io.micronaut.context.EnvironmentAwareArgument$ArgumentAnnotationMetadata	/home/nima/Developer/taint-benchmarks/micronaut-core/inject/src/main/java/io/micronaut/context/EnvironmentAwareArgument.java
io.micronaut.context.banner.MicronautBanner	/home/nima/Developer/taint-benchmarks/micronaut-core/inject/src/main/java/io/micronaut/context/banner/MicronautBanner.java
io.micronaut.context.banner.Banner	/home/nima/Developer/taint-benchmarks/micronaut-core/inject/src/main/java/io/micronaut/context/banner/Banner.java
io.micronaut.context.banner.ResourceBanner	/home/nima/Developer/taint-benchmarks/micronaut-core/inject/src/main/java/io/micronaut/context/banner/ResourceBanner.java
io.micronaut.context.DefaultBeanResolutionContext	/home/nima/Developer/taint-benchmarks/micronaut-core/inject/src/main/java/io/micronaut/context/DefaultBeanResolutionContext.java
io.micronaut.context.ApplicationContextLifeCycle	/home/nima/Developer/taint-benchmarks/micronaut-core/inject/src/main/java/io/micronaut/context/ApplicationContextLifeCycle.java
io.micronaut.inject.proxy.InterceptedBean	/home/nima/Developer/taint-benchmarks/micronaut-core/inject/src/main/java/io/micronaut/inject/proxy/InterceptedBean.java
io.micronaut.inject.proxy.InterceptedBeanProxy	/home/nima/Developer/taint-benchmarks/micronaut-core/inject/src/main/java/io/micronaut/inject/proxy/InterceptedBeanProxy.java
io.micronaut.inject.qualifiers.Qualified	/home/nima/Developer/taint-benchmarks/micronaut-core/inject/src/main/java/io/micronaut/inject/qualifiers/Qualified.java
io.micronaut.inject.ParametrizedInstantiatableBeanDefinition	/home/nima/Developer/taint-benchmarks/micronaut-core/inject/src/main/java/io/micronaut/inject/ParametrizedInstantiatableBeanDefinition.java
io.micronaut.inject.qualifiers.InterceptorBindingQualifier	/home/nima/Developer/taint-benchmarks/micronaut-core/inject/src/main/java/io/micronaut/inject/qualifiers/InterceptorBindingQualifier.java
io.micronaut.inject.qualifiers.TypeArgumentQualifier	/home/nima/Developer/taint-benchmarks/micronaut-core/inject/src/main/java/io/micronaut/inject/qualifiers/TypeArgumentQualifier.java
io.micronaut.inject.qualifiers.CompositeQualifier	/home/nima/Developer/taint-benchmarks/micronaut-core/inject/src/main/java/io/micronaut/inject/qualifiers/CompositeQualifier.java
io.micronaut.inject.qualifiers.ExactTypeArgumentNameQualifier	/home/nima/Developer/taint-benchmarks/micronaut-core/inject/src/main/java/io/micronaut/inject/qualifiers/ExactTypeArgumentNameQualifier.java
io.micronaut.inject.qualifiers.NoneQualifier	/home/nima/Developer/taint-benchmarks/micronaut-core/inject/src/main/java/io/micronaut/inject/qualifiers/NoneQualifier.java
io.micronaut.inject.qualifiers.PrimaryQualifier	/home/nima/Developer/taint-benchmarks/micronaut-core/inject/src/main/java/io/micronaut/inject/qualifiers/PrimaryQualifier.java
io.micronaut.inject.qualifiers.NameQualifier	/home/nima/Developer/taint-benchmarks/micronaut-core/inject/src/main/java/io/micronaut/inject/qualifiers/NameQualifier.java
io.micronaut.inject.qualifiers.ClosestTypeArgumentQualifier	/home/nima/Developer/taint-benchmarks/micronaut-core/inject/src/main/java/io/micronaut/inject/qualifiers/ClosestTypeArgumentQualifier.java
io.micronaut.inject.qualifiers.Qualifiers	/home/nima/Developer/taint-benchmarks/micronaut-core/inject/src/main/java/io/micronaut/inject/qualifiers/Qualifiers.java
io.micronaut.inject.qualifiers.Qualifiers$PrefixQualifier	/home/nima/Developer/taint-benchmarks/micronaut-core/inject/src/main/java/io/micronaut/inject/qualifiers/Qualifiers.java
io.micronaut.inject.qualifiers.AnnotationStereotypeQualifier	/home/nima/Developer/taint-benchmarks/micronaut-core/inject/src/main/java/io/micronaut/inject/qualifiers/AnnotationStereotypeQualifier.java
io.micronaut.inject.qualifiers.QualifierUtils	/home/nima/Developer/taint-benchmarks/micronaut-core/inject/src/main/java/io/micronaut/inject/qualifiers/QualifierUtils.java
io.micronaut.inject.qualifiers.RepeatableAnnotationQualifier	/home/nima/Developer/taint-benchmarks/micronaut-core/inject/src/main/java/io/micronaut/inject/qualifiers/RepeatableAnnotationQualifier.java
io.micronaut.inject.qualifiers.TypeAnnotationQualifier	/home/nima/Developer/taint-benchmarks/micronaut-core/inject/src/main/java/io/micronaut/inject/qualifiers/TypeAnnotationQualifier.java
io.micronaut.inject.qualifiers.AnnotationMetadataQualifier	/home/nima/Developer/taint-benchmarks/micronaut-core/inject/src/main/java/io/micronaut/inject/qualifiers/AnnotationMetadataQualifier.java
io.micronaut.inject.qualifiers.NamedAnnotationStereotypeQualifier	/home/nima/Developer/taint-benchmarks/micronaut-core/inject/src/main/java/io/micronaut/inject/qualifiers/NamedAnnotationStereotypeQualifier.java
io.micronaut.inject.qualifiers.AnyQualifier	/home/nima/Developer/taint-benchmarks/micronaut-core/inject/src/main/java/io/micronaut/inject/qualifiers/AnyQualifier.java
io.micronaut.inject.qualifiers.AnnotationQualifier	/home/nima/Developer/taint-benchmarks/micronaut-core/inject/src/main/java/io/micronaut/inject/qualifiers/AnnotationQualifier.java
io.micronaut.inject.AdvisedBeanType	/home/nima/Developer/taint-benchmarks/micronaut-core/inject/src/main/java/io/micronaut/inject/AdvisedBeanType.java
io.micronaut.inject.provider.BeanProviderDefinition	/home/nima/Developer/taint-benchmarks/micronaut-core/inject/src/main/java/io/micronaut/inject/provider/BeanProviderDefinition.java
io.micronaut.inject.provider.BeanProviderDefinition$1	/home/nima/Developer/taint-benchmarks/micronaut-core/inject/src/main/java/io/micronaut/inject/provider/BeanProviderDefinition.java
io.micronaut.inject.provider.AbstractProviderDefinition	/home/nima/Developer/taint-benchmarks/micronaut-core/inject/src/main/java/io/micronaut/inject/provider/AbstractProviderDefinition.java
io.micronaut.inject.provider.ProviderTypeInformationProvider	/home/nima/Developer/taint-benchmarks/micronaut-core/inject/src/main/java/io/micronaut/inject/provider/ProviderTypeInformationProvider.java
io.micronaut.inject.provider.JavaxProviderBeanDefinition	/home/nima/Developer/taint-benchmarks/micronaut-core/inject/src/main/java/io/micronaut/inject/provider/JavaxProviderBeanDefinition.java
io.micronaut.inject.provider.JavaxProviderBeanDefinition$1	/home/nima/Developer/taint-benchmarks/micronaut-core/inject/src/main/java/io/micronaut/inject/provider/JavaxProviderBeanDefinition.java
io.micronaut.inject.provider.JakartaProviderBeanDefinition	/home/nima/Developer/taint-benchmarks/micronaut-core/inject/src/main/java/io/micronaut/inject/provider/JakartaProviderBeanDefinition.java
io.micronaut.inject.provider.JakartaProviderBeanDefinition$1	/home/nima/Developer/taint-benchmarks/micronaut-core/inject/src/main/java/io/micronaut/inject/provider/JakartaProviderBeanDefinition.java
io.micronaut.inject.BeanDefinitionMethodReference	/home/nima/Developer/taint-benchmarks/micronaut-core/inject/src/main/java/io/micronaut/inject/BeanDefinitionMethodReference.java
io.micronaut.inject.annotation.AnnotationMetadataReference	/home/nima/Developer/taint-benchmarks/micronaut-core/inject/src/main/java/io/micronaut/inject/annotation/AnnotationMetadataReference.java
io.micronaut.inject.annotation.EnvironmentOptionalValuesMap	/home/nima/Developer/taint-benchmarks/micronaut-core/inject/src/main/java/io/micronaut/inject/annotation/EnvironmentOptionalValuesMap.java
io.micronaut.inject.annotation.EnvironmentOptionalValuesMap$1	/home/nima/Developer/taint-benchmarks/micronaut-core/inject/src/main/java/io/micronaut/inject/annotation/EnvironmentOptionalValuesMap.java
io.micronaut.inject.annotation.AnnotationMetadataHierarchy	/home/nima/Developer/taint-benchmarks/micronaut-core/inject/src/main/java/io/micronaut/inject/annotation/AnnotationMetadataHierarchy.java
io.micronaut.inject.annotation.MutableAnnotationMetadata	/home/nima/Developer/taint-benchmarks/micronaut-core/inject/src/main/java/io/micronaut/inject/annotation/MutableAnnotationMetadata.java
io.micronaut.inject.annotation.AnnotationMetadataException	/home/nima/Developer/taint-benchmarks/micronaut-core/inject/src/main/java/io/micronaut/inject/annotation/AnnotationMetadataException.java
io.micronaut.inject.annotation.EnvironmentAnnotationValue	/home/nima/Developer/taint-benchmarks/micronaut-core/inject/src/main/java/io/micronaut/inject/annotation/EnvironmentAnnotationValue.java
io.micronaut.inject.annotation.AnnotationConvertersRegistrar	/home/nima/Developer/taint-benchmarks/micronaut-core/inject/src/main/java/io/micronaut/inject/annotation/AnnotationConvertersRegistrar.java
io.micronaut.inject.annotation.EvaluatedConvertibleValuesMap	/home/nima/Developer/taint-benchmarks/micronaut-core/inject/src/main/java/io/micronaut/inject/annotation/EvaluatedConvertibleValuesMap.java
io.micronaut.inject.annotation.EvaluatedAnnotationValue	/home/nima/Developer/taint-benchmarks/micronaut-core/inject/src/main/java/io/micronaut/inject/annotation/EvaluatedAnnotationValue.java
io.micronaut.inject.annotation.EnvironmentConvertibleValuesMap	/home/nima/Developer/taint-benchmarks/micronaut-core/inject/src/main/java/io/micronaut/inject/annotation/EnvironmentConvertibleValuesMap.java
io.micronaut.inject.annotation.AnnotationMetadataSupport	/home/nima/Developer/taint-benchmarks/micronaut-core/inject/src/main/java/io/micronaut/inject/annotation/AnnotationMetadataSupport.java
io.micronaut.inject.annotation.AnnotationMetadataSupport$AnnotationProxyHandler	/home/nima/Developer/taint-benchmarks/micronaut-core/inject/src/main/java/io/micronaut/inject/annotation/AnnotationMetadataSupport.java
io.micronaut.inject.annotation.AnnotatedElementValidator	/home/nima/Developer/taint-benchmarks/micronaut-core/inject/src/main/java/io/micronaut/inject/annotation/AnnotatedElementValidator.java
io.micronaut.inject.DefaultBeanDefinitionMethodReference	/home/nima/Developer/taint-benchmarks/micronaut-core/inject/src/main/java/io/micronaut/inject/DefaultBeanDefinitionMethodReference.java
io.micronaut.inject.DelegatingExecutableMethod	/home/nima/Developer/taint-benchmarks/micronaut-core/inject/src/main/java/io/micronaut/inject/DelegatingExecutableMethod.java
io.micronaut.inject.beans.AbstractExecutableBeanMethod	/home/nima/Developer/taint-benchmarks/micronaut-core/inject/src/main/java/io/micronaut/inject/beans/AbstractExecutableBeanMethod.java
io.micronaut.inject.beans.AbstractInitializableBeanIntrospection	/home/nima/Developer/taint-benchmarks/micronaut-core/inject/src/main/java/io/micronaut/inject/beans/AbstractInitializableBeanIntrospection.java
io.micronaut.inject.beans.AbstractInitializableBeanIntrospection$1	/home/nima/Developer/taint-benchmarks/micronaut-core/inject/src/main/java/io/micronaut/inject/beans/AbstractInitializableBeanIntrospection.java
io.micronaut.inject.beans.AbstractInitializableBeanIntrospection$IntrospectionBuilderData	/home/nima/Developer/taint-benchmarks/micronaut-core/inject/src/main/java/io/micronaut/inject/beans/AbstractInitializableBeanIntrospection.java
io.micronaut.inject.beans.AbstractInitializableBeanIntrospection$IntrospectionBuilder	/home/nima/Developer/taint-benchmarks/micronaut-core/inject/src/main/java/io/micronaut/inject/beans/AbstractInitializableBeanIntrospection.java
io.micronaut.inject.beans.AbstractInitializableBeanIntrospection$IndexedCollections	/home/nima/Developer/taint-benchmarks/micronaut-core/inject/src/main/java/io/micronaut/inject/beans/AbstractInitializableBeanIntrospection.java
io.micronaut.inject.beans.AbstractInitializableBeanIntrospection$IndexedCollections$1	/home/nima/Developer/taint-benchmarks/micronaut-core/inject/src/main/java/io/micronaut/inject/beans/AbstractInitializableBeanIntrospection.java
io.micronaut.inject.beans.AbstractInitializableBeanIntrospection$BeanPropertyImpl	/home/nima/Developer/taint-benchmarks/micronaut-core/inject/src/main/java/io/micronaut/inject/beans/AbstractInitializableBeanIntrospection.java
io.micronaut.inject.beans.AbstractInitializableBeanIntrospection$BeanMethodImpl	/home/nima/Developer/taint-benchmarks/micronaut-core/inject/src/main/java/io/micronaut/inject/beans/AbstractInitializableBeanIntrospection.java
io.micronaut.inject.beans.AbstractInitializableBeanIntrospection$BeanMethodImpl$1	/home/nima/Developer/taint-benchmarks/micronaut-core/inject/src/main/java/io/micronaut/inject/beans/AbstractInitializableBeanIntrospection.java
io.micronaut.inject.beans.AbstractInitializableBeanIntrospection$BeanPropertyRef	/home/nima/Developer/taint-benchmarks/micronaut-core/inject/src/main/java/io/micronaut/inject/beans/AbstractInitializableBeanIntrospection.java
io.micronaut.inject.beans.AbstractInitializableBeanIntrospection$BeanMethodRef	/home/nima/Developer/taint-benchmarks/micronaut-core/inject/src/main/java/io/micronaut/inject/beans/AbstractInitializableBeanIntrospection.java
io.micronaut.inject.beans.KotlinExecutableMethodUtils	/home/nima/Developer/taint-benchmarks/micronaut-core/inject/src/main/java/io/micronaut/inject/beans/KotlinExecutableMethodUtils.java
io.micronaut.inject.ArgumentBeanType	/home/nima/Developer/taint-benchmarks/micronaut-core/inject/src/main/java/io/micronaut/inject/ArgumentBeanType.java
io.micronaut.inject.DefaultBeanIdentifier	/home/nima/Developer/taint-benchmarks/micronaut-core/inject/src/main/java/io/micronaut/inject/DefaultBeanIdentifier.java
io.micronaut.inject.ProxyBeanDefinition	/home/nima/Developer/taint-benchmarks/micronaut-core/inject/src/main/java/io/micronaut/inject/ProxyBeanDefinition.java
io.micronaut.inject.ParametrizedProvider	/home/nima/Developer/taint-benchmarks/micronaut-core/inject/src/main/java/io/micronaut/inject/ParametrizedProvider.java
io.micronaut.inject.validation.RequiresValidation	/home/nima/Developer/taint-benchmarks/micronaut-core/inject/src/main/java/io/micronaut/inject/validation/RequiresValidation.java
